{
  "date": "2026-02-19",
  "has_update": true,
  "added": [
    {
      "id": "埼玉県|アミューズメントパークガーデン越谷|35.874167|139.791352",
      "name": "アミューズメントパークガーデン越谷",
      "address": "埼玉県 越谷市 南越谷 1-2876-1　越谷サンシティ　イオン南越谷店4F",
      "pref": "埼玉県",
      "machines": 1,
      "lat": 35.874167,
      "lng": 139.791352,
      "area": "JP-11"
    },
    {
      "id": "東京都|京葉アローズ 小岩倉庫|35.729657|139.890526",
      "name": "京葉アローズ 小岩倉庫",
      "address": "東京都 江戸川区 南小岩 1-6-6",
      "pref": "東京都",
      "machines": 1,
      "lat": 35.729657,
      "lng": 139.890526,
      "area": "JP-13"
    }
  ],
  "removed": [
    {
      "id": "宮城県|アミューズメントパーク・サムワン|38.0631|140.744503",
      "name": "アミューズメントパーク・サムワン",
      "address": "宮城県 柴田郡村田町 沼辺牡丹山 42-1",
      "pref": "宮城県",
      "machines": 1,
      "lat": 38.0631,
      "lng": 140.744503,
      "area": "JP-04"
    },
    {
      "id": "千葉県|ハローズガーデン市原|35.514447|140.066014",
      "name": "ハローズガーデン市原",
      "address": "千葉県 市原市 青柳北 1-1　アピタ市原店2F",
      "pref": "千葉県",
      "machines": 1,
      "lat": 35.514447,
      "lng": 140.066014,
      "area": "JP-12"
    },
    {
      "id": "静岡県|GIGO MEGAドン・キホーテ浜松可美|34.692178|137.714011",
      "name": "GIGO MEGAドン・キホーテ浜松可美",
      "address": "静岡県 浜松市中央区 東若林町 11-1　MEGAドン・キホーテ浜松可美店2F",
      "pref": "静岡県",
      "machines": 1,
      "lat": 34.692178,
      "lng": 137.714011,
      "area": "JP-22"
    },
    {
      "id": "愛知県|ソユープレイランドソピア安城|34.985124|137.083246",
      "name": "ソユープレイランドソピア安城",
      "address": "愛知県 安城市 住吉町 3-1-8　イトーヨーカドー安城店2F",
      "pref": "愛知県",
      "machines": 1,
      "lat": 34.985124,
      "lng": 137.083246,
      "area": "JP-23"
    }
  ],
  "machine_changed": [
    {
      "id": "神奈川県|楽市楽座湘南藤沢|35.339722|139.464091",
      "name": "楽市楽座湘南藤沢",
      "pref": "神奈川県",
      "before": 2,
      "after": 3
    }
  ]
}